strategy_id,strategy_name,experiment_name,variant,changed_component,status,gender_accuracy,gender_precision,gender_recall,gender_f1,age_mae,age_rmse,age_r2,samples,trainable_parameters,training_seconds,checkpoint,message,age_mae_0_12,age_mae_13_19,age_mae_20_39,age_mae_40_59,age_mae_60_plus,age_support_0_12,age_support_13_19,age_support_20_39,age_support_40_59,age_support_60_plus,test_samples,train_samples,validation_samples
E1,Baseline clasico,classical_base,base,ninguno,COMPLETADO,0.800955861681192,0.8017860054969788,0.8009558916091919,0.8001843690872192,11.489652633666992,15.247939109802246,0.38898593187332153,3557,,15.298984259003191,/home/alumnos/pregrado/stevens.alday/Lab3_DL/laboratorio_03_DL/artifacts/checkpoints/classical_base,,17.631179809570312,14.711666107177734,6.315685749053955,10.744672775268555,27.7313175201416,509,197,1827,644,380,3557,16593,3555
E1,Baseline clasico,classical_pca_50,ablacion,PCA=50 componentes,COMPLETADO,0.7832443070002811,0.7845545411109924,0.7832443714141846,0.7821015119552612,11.348444938659668,15.09822940826416,0.40092533826828003,3557,,11.755103750008857,/home/alumnos/pregrado/stevens.alday/Lab3_DL/laboratorio_03_DL/artifacts/checkpoints/classical_pca_50,,17.295482635498047,14.620580673217773,6.30006217956543,10.80426025390625,26.880542755126953,509,197,1827,644,380,3557,16593,3555
E1,Baseline clasico,classical_pca_200,ablacion,PCA=200 componentes,COMPLETADO,0.7829631712116952,0.7829787731170654,0.7829631567001343,0.7829707860946655,11.653678894042969,15.435133934020996,0.37389135360717773,3557,,22.776180950997514,/home/alumnos/pregrado/stevens.alday/Lab3_DL/laboratorio_03_DL/artifacts/checkpoints/classical_pca_200,,18.08293342590332,14.906586647033691,6.349017143249512,10.875358581542969,28.17879867553711,509,197,1827,644,380,3557,16593,3555
