strategy_id,strategy_name,experiment_name,variant,changed_component,status,gender_accuracy,gender_precision,gender_recall,gender_f1,age_mae,age_rmse,age_r2,samples,trainable_parameters,training_seconds,checkpoint,message,age_mae_0_12,age_mae_13_19,age_mae_20_39,age_mae_40_59,age_mae_60_plus,age_support_0_12,age_support_13_19,age_support_20_39,age_support_40_59,age_support_60_plus,test_samples,train_samples,validation_samples
E2,MLP multitarea,mlp_base,base,ninguno,COMPLETADO,0.8464998594321057,0.8520677089691162,0.8464999198913574,0.846546471118927,12.299086570739746,16.800941467285156,0.2581840753555298,3557,77136899,133.86263995899935,/home/alumnos/pregrado/stevens.alday/Lab3_DL/laboratorio_03_DL/artifacts/checkpoints/mlp_base/best_model.pt,,11.261486053466797,8.784205436706543,7.900729656219482,15.156803131103516,31.814876556396484,509,197,1827,644,380,3557,16593,3555
E2,MLP multitarea,mlp_no_dropout,ablacion,dropout=0.0,COMPLETADO,0.8577452909755412,0.8644489645957947,0.8577452898025513,0.8577427864074707,11.74845027923584,16.538782119750977,0.2811538577079773,3557,77136899,132.20270328699553,/home/alumnos/pregrado/stevens.alday/Lab3_DL/laboratorio_03_DL/artifacts/checkpoints/mlp_no_dropout/best_model.pt,,8.702383041381836,10.766632080078125,8.074295997619629,13.291709899902344,31.38709831237793,509,197,1827,644,380,3557,16593,3555
E2,MLP multitarea,mlp_lambda_low,ablacion,lambda_age=0.001,COMPLETADO,0.843126229969075,0.8500451445579529,0.8431262373924255,0.8431065082550049,16.97576332092285,23.745214462280273,-0.4817708730697632,3557,77136899,133.66414921901014,/home/alumnos/pregrado/stevens.alday/Lab3_DL/laboratorio_03_DL/artifacts/checkpoints/mlp_lambda_low/best_model.pt,,8.946895599365234,7.814345836639404,10.267735481262207,24.17397689819336,52.5321044921875,509,197,1827,644,380,3557,16593,3555
E2,MLP multitarea,mlp_lambda_high,ablacion,lambda_age=0.1,COMPLETADO,0.8405960078718021,0.8515875339508057,0.840596079826355,0.8403301239013672,10.602910041809082,14.825257301330566,0.4223918318748474,3557,77136899,134.3023360799998,/home/alumnos/pregrado/stevens.alday/Lab3_DL/laboratorio_03_DL/artifacts/checkpoints/mlp_lambda_high/best_model.pt,,6.960124969482422,10.164103507995605,7.472456455230713,12.148116111755371,28.141992568969727,509,197,1827,644,380,3557,16593,3555
